<?xml version='1.0' encoding='UTF-8' ?>
<timeLogEntries>
  <time id="1" path="/APO1/U2Lab3/PSP0/Planning" start="@1487451170361" delta="102" />
  <time id="2" path="/APO1/U2Lab3/PSP0/Design" start="@1487474376069" delta="55" />
  <time id="3" path="/APO1/U2Lab3/PSP0/Design" start="@1487528327044" delta="20" />
  <time id="4" path="/APO1/U2Lab3/PSP0/Code" start="@1487529547402" delta="76" />
  <time id="5" path="/APO1/U3/Laboratorio1/PSP0/Planning" start="@1488720967586" delta="52" />
  <time id="6" path="/APO1/U3/Laboratorio1/PSP0/Design" start="@1488724090382" delta="57" />
  <time id="7" path="/APO1/U3/Laboratorio1/PSP0/Code" start="@1488727503681" delta="139" />
  <time id="8" path="/APO1/U3/Laboratorio1/PSP0/Code" start="@1488750231680" delta="31" />
  <time id="9" path="/APO1/U3/Laboratorio2/PSP0/Planning" start="@1489335949352" delta="146" />
  <time id="10" path="/APO1/U3/Laboratorio2/PSP0/Design" start="@1489344716834" delta="165" />
  <time id="11" path="/APO1/U3/Laboratorio2/PSP0/Code" start="@1489354615833" delta="68" />
  <time id="12" path="/APO1/U4/Laboratorio 1/PSP0/Planning" start="@1489870200926" delta="39" />
  <time id="13" path="/APO1/U4/Laboratorio 2/PSP0/Planning" start="@1490542136095" delta="300" />
  <time id="14" path="/APO1/U4/Laboratorio 2/PSP0/Design" start="@1490560234303" delta="33" />
  <time id="15" path="/APO1/U4/Laboratorio 2/PSP0/Code" start="@1490562235423" delta="42" />
  <time id="16" path="/APO1/U5/Laboratorio 2/PSP0/Planning" start="@1493008149331" delta="39" />
  <time id="17" path="/APO1/U5/Laboratorio 2/PSP0/Design" start="@1493010491493" delta="2" />
  <time id="18" path="/APO1/U5/Laboratorio 2/PSP0/Code" start="@1493043654000" delta="20" />
  <time id="19" path="/APO1/U6/Laboratorio1/PSP0/Planning" start="@1493563130182" delta="166" />
  <time id="20" path="/APO1/U6/Laboratorio1/PSP0/Design" start="@1493573121374" delta="46" />
  <time id="21" path="/APO1/U6/Laboratorio1/PSP0/Code" start="@1493575856132" delta="58" />
  <time id="22" path="/ProyectoFinal/Entrega1/PSP0/Planning" start="@1493865653263" delta="758" />
  <time id="23" path="/ProyectoFinal/Entrega1/PSP0/Design" start="@1493911118993" delta="75" />
  <time id="24" path="/ProyectoFinal/Entrega1/PSP0/Code" start="@1493915634554" delta="35" />
  <time id="25" path="/ProyectoFinal/Entrega2/PSP0/Planning" start="@1495142611334" delta="5" />
  <time id="26" path="/ProyectoFinal/Entrega3/PSP0/Planning" start="@1495657751059" delta="42" />
  <time id="27" path="/APO2/U1Lab2/PSP1/Planning" start="@1502554539683" delta="119" />
  <time id="28" path="/APO2/U1Lab2/PSP1/Design" start="@1502561705629" delta="33" />
  <time id="29" path="/APO2/U1Lab2/PSP1/Code" start="@1502563693179" delta="74" />
  <time id="30" path="/APO2/U1Lab3/PSP1/Planning" start="@1503163416680" delta="64" />
  <time id="31" path="/APO2/U1Lab3/PSP1/Design" start="@1503167261886" delta="49" />
  <time id="32" path="/APO2/U1Lab3/PSP1/Code" start="@1503171512000" delta="80" />
  <time id="33" path="/APO2/U1Lab3/PSP1/Compile" start="@1503172839572" delta="2" />
  <time id="34" path="/APO2/U2Lab1/PSP1/Planning" start="@1503764131996" delta="114" />
  <time id="35" path="/APO2/U2Lab1/PSP1/Design" start="@1503770970893" delta="84" />
  <time id="36" path="/APO2/U2Lab1/PSP1/Code" start="@1503776029223" delta="103" />
  <time id="37" path="/APO2/U2Lab1/PSP1/Test" start="@1503782203978" delta="60" />
  <time id="38" path="/APO2/U2Lab2/PSP1/Planning" start="@1504394991009" delta="82" />
  <time id="39" path="/APO2/U2Lab2/PSP1/Design" start="@1504399917198" delta="120" />
  <time id="40" path="/APO2/U2Lab2/PSP1/Code" start="@1504407131058" delta="88" />
  <time id="41" path="/APO2/U3Lab1/PSP1/Planning" start="@1505439024730" delta="129" />
  <time id="42" path="/APO2/U3Lab1/PSP1/Design" start="@1505446775561" delta="166" />
  <time id="43" path="/APO2/U3Lab1/PSP1/Code" start="@1505485601042" delta="147" />
  <time id="44" path="/APO2/U3Lab2/PSP1/Planning" start="@1506197423687" delta="106" />
  <time id="45" path="/APO2/U3Lab2/PSP1/Design" start="@1506198484897" delta="112" />
  <time id="46" path="/APO2/U3Lab2/PSP1/Code" start="@1506198506058" delta="133" />
  <time id="47" path="/APO2/U4L2/PSP1/Planning" start="@1507395397587" delta="118" />
  <time id="48" path="/APO2/U4L2/PSP1/Design" start="@1507403805247" delta="103" />
  <time id="49" path="/APO2/U4L2/PSP1/Code" start="@1507404014638" delta="142" />
  <time id="50" path="/APO2/U5Lab1/PSP1/Planning" start="@1508603599411" delta="53" />
  <time id="51" path="/APO2/U5Lab1/PSP1/Design" start="@1508605611806" delta="41" />
  <time id="52" path="/APO2/U5Lab1/PSP1/Code" start="@1508607458111" delta="104" />
  <time id="53" path="/APO2/U5Lab2/PSP1/Planning" start="@1509207691966" delta="33" />
  <time id="56" path="/APO2/U5Lab2/PSP1/Compile" start="@1509209659437" delta="3" />
  <time id="55" path="/APO2/U5Lab2/PSP1/Design" start="@1509209689482" delta="66" />
  <time id="57" path="/APO2/U5Lab2/PSP1/Code" start="@1509170192000" delta="97" />
  <time id="58" path="/ProyectoFinalApo2/PSP1/Planning" start="@1509551200001" delta="1512" interrupt="97" />
  <time id="59" path="/APO2/U6Lab1/PSP1/Planning" start="@1509725207846" delta="72" />
  <time id="60" path="/APO2/U6Lab1/PSP1/Design" start="@1509729539710" delta="90" />
  <time id="61" path="/APO2/U6Lab1/PSP1/Code" start="@1509734954000" delta="114" />
  <time id="63" path="/ProyectoFinalApo2/PSP1/Planning" start="@1509819000966" delta="2677" />
  <time id="64" path="/ProyectoFinalApo2/PSP1/Planning" start="@1510081237351" delta="122" />
  <time id="65" path="/ProyectoFinalApo2/PSP1/Design" start="@1510088577455" delta="4319" />
  <time id="66" path="/ProyectoFinalApo2/PSP1/Code" start="@1510347770666" delta="300" />
  <time id="67" path="/APO2/U6Lab2/PSP1/Planning" start="@1510419933148" delta="107" />
  <time id="68" path="/APO2/U6Lab2/PSP1/Design" start="@1510426377078" delta="162" />
  <time id="69" path="/APO2/U6Lab2/PSP1/Code" start="@1510436108902" delta="91" />
  <time id="70" path="/ProyectoFinalApo2/PSP1/Code" start="@1510603424683" delta="1310" />
  <time id="71" path="/ProyectoFinalApo2/PSP1/Code" start="@1510756108258" delta="532" />
  <time id="72" path="/ProyectoFinalApo2/PSP1/Code" start="@1510934390737" delta="64" />
  <time id="73" path="/ProyectoFinalApo2/PSP1/Code" start="@1510941672552" delta="189" />
  <time id="74" path="/ProyectoFinalApo2/PSP1/Code" start="@1510953384693" delta="5176" interrupt="192" />
  <time id="75" path="/ProyectoFinalApo2/PSP1/Code" start="@1511374111743" delta="336" />
  <time id="76" path="/ProyectoFinalApo2/PSP1/Postmortem" start="@1511401589950" delta="90" />
  <time id="77" path="/AED_U2_Lab2/PSP0/Planning" start="@1536181911270" delta="441" />
  <time id="78" path="/AED_U2_Lab2/PSP0/Design" start="@1536796214000" delta="79" />
  <time id="79" path="/AED_U2_Lab2/PSP0/Code" start="@1536800973059" delta="2781" />
  <time id="80" path="/AED_U2_Lab2/PSP0/Planning" start="@1536025080000" delta="180" />
  <time id="81" path="/AED_U2_Lab2/PSP0/Design" start="@1536629955000" delta="120" />
  <time id="82" path="/AED_U2_Lab2/PSP0/Code" start="@1537309796130" delta="65" />
  <time id="83" path="/AED_U2_Lab2/PSP0/Code" start="@1537324476080" delta="7" />
  <time id="84" path="/AED_U2_Lab2/PSP0/Design" start="@1536979221000" delta="135" />
  <time id="85" path="/AED_U2_Lab2/PSP0/Code" start="@1537326417693" delta="148" />
  <time id="86" path="/AED_U2_Lab2/PSP0/Code" start="@1537399857996" delta="45" />
</timeLogEntries>
